<?xml version="1.0"?>
<font>
  <info face="Enopstal" size="32" bold="0" italic="0" charset="" unicode="1" stretchH="100" smooth="0" aa="1" padding="0,0,0,0" spacing="1,1" outline="0"/>
  <common lineHeight="32" base="24" scaleW="512" scaleH="256" pages="1" packed="0" alphaChnl="0" redChnl="0" greenChnl="0" blueChnl="0"/>
  <pages>
    <page id="0" file="enpostal_0.png" />
  </pages>
  <chars count="94">
    <char id="32" x="510" y="0" width="1" height="1" xoffset="0" yoffset="0" xadvance="10" page="0" chnl="15" />
    <char id="33" x="172" y="50" width="8" height="24" xoffset="0" yoffset="0" xadvance="10" page="0" chnl="15" />
    <char id="34" x="102" y="75" width="18" height="8" xoffset="0" yoffset="0" xadvance="20" page="0" chnl="15" />
    <char id="35" x="42" y="75" width="18" height="16" xoffset="0" yoffset="8" xadvance="20" page="0" chnl="15" />
    <char id="36" x="441" y="25" width="20" height="24" xoffset="0" yoffset="0" xadvance="22" page="0" chnl="15" />
    <char id="37" x="113" y="0" width="24" height="24" xoffset="0" yoffset="0" xadvance="26" page="0" chnl="15" />
    <char id="38" x="86" y="0" width="26" height="24" xoffset="0" yoffset="0" xadvance="28" page="0" chnl="15" />
    <char id="39" x="147" y="75" width="8" height="8" xoffset="0" yoffset="0" xadvance="10" page="0" chnl="15" />
    <char id="40" x="117" y="50" width="10" height="24" xoffset="0" yoffset="0" xadvance="12" page="0" chnl="15" />
    <char id="41" x="139" y="50" width="10" height="24" xoffset="0" yoffset="0" xadvance="12" page="0" chnl="15" />
    <char id="42" x="136" y="75" width="10" height="8" xoffset="0" yoffset="2" xadvance="12" page="0" chnl="15" />
    <char id="43" x="87" y="75" width="14" height="10" xoffset="0" yoffset="12" xadvance="16" page="0" chnl="15" />
    <char id="44" x="201" y="71" width="8" height="4" xoffset="-2" yoffset="22" xadvance="8" page="0" chnl="15" />
    <char id="45" x="24" y="25" width="14" height="2" xoffset="0" yoffset="16" xadvance="16" page="0" chnl="15" />
    <char id="46" x="223" y="69" width="6" height="2" xoffset="0" yoffset="22" xadvance="8" page="0" chnl="15" />
    <char id="47" x="0" y="29" width="20" height="24" xoffset="0" yoffset="0" xadvance="22" page="0" chnl="15" />
    <char id="48" x="0" y="54" width="20" height="24" xoffset="0" yoffset="0" xadvance="22" page="0" chnl="15" />
    <char id="49" x="91" y="50" width="12" height="24" xoffset="0" yoffset="0" xadvance="14" page="0" chnl="15" />
    <char id="50" x="21" y="29" width="20" height="24" xoffset="0" yoffset="0" xadvance="22" page="0" chnl="15" />
    <char id="51" x="42" y="25" width="20" height="24" xoffset="0" yoffset="0" xadvance="22" page="0" chnl="15" />
    <char id="52" x="63" y="25" width="20" height="24" xoffset="0" yoffset="0" xadvance="22" page="0" chnl="15" />
    <char id="53" x="84" y="25" width="20" height="24" xoffset="0" yoffset="0" xadvance="22" page="0" chnl="15" />
    <char id="54" x="315" y="25" width="20" height="24" xoffset="0" yoffset="0" xadvance="22" page="0" chnl="15" />
    <char id="55" x="42" y="50" width="18" height="24" xoffset="0" yoffset="0" xadvance="20" page="0" chnl="15" />
    <char id="56" x="210" y="25" width="20" height="24" xoffset="0" yoffset="0" xadvance="22" page="0" chnl="15" />
    <char id="57" x="126" y="25" width="20" height="24" xoffset="0" yoffset="0" xadvance="22" page="0" chnl="15" />
    <char id="58" x="504" y="25" width="6" height="12" xoffset="0" yoffset="12" xadvance="8" page="0" chnl="15" />
    <char id="59" x="500" y="50" width="8" height="14" xoffset="-2" yoffset="12" xadvance="8" page="0" chnl="15" />
    <char id="60" x="74" y="75" width="12" height="14" xoffset="0" yoffset="10" xadvance="14" page="0" chnl="15" />
    <char id="61" x="121" y="75" width="14" height="8" xoffset="0" yoffset="12" xadvance="16" page="0" chnl="15" />
    <char id="62" x="61" y="75" width="12" height="14" xoffset="0" yoffset="10" xadvance="14" page="0" chnl="15" />
    <char id="63" x="189" y="25" width="20" height="24" xoffset="0" yoffset="0" xadvance="22" page="0" chnl="15" />
    <char id="64" x="216" y="50" width="24" height="18" xoffset="0" yoffset="6" xadvance="26" page="0" chnl="15" />
    <char id="65" x="231" y="25" width="20" height="24" xoffset="0" yoffset="0" xadvance="22" page="0" chnl="15" />
    <char id="66" x="399" y="0" width="22" height="24" xoffset="-2" yoffset="0" xadvance="22" page="0" chnl="15" />
    <char id="67" x="252" y="25" width="20" height="24" xoffset="0" yoffset="0" xadvance="22" page="0" chnl="15" />
    <char id="68" x="330" y="0" width="22" height="24" xoffset="-2" yoffset="0" xadvance="22" page="0" chnl="15" />
    <char id="69" x="307" y="0" width="22" height="24" xoffset="-2" yoffset="0" xadvance="22" page="0" chnl="15" />
    <char id="70" x="261" y="0" width="22" height="24" xoffset="-2" yoffset="0" xadvance="22" page="0" chnl="15" />
    <char id="71" x="273" y="25" width="20" height="24" xoffset="0" yoffset="0" xadvance="22" page="0" chnl="15" />
    <char id="72" x="138" y="0" width="24" height="24" xoffset="-2" yoffset="0" xadvance="24" page="0" chnl="15" />
    <char id="73" x="128" y="50" width="10" height="24" xoffset="-2" yoffset="0" xadvance="10" page="0" chnl="15" />
    <char id="74" x="294" y="25" width="20" height="24" xoffset="0" yoffset="0" xadvance="22" page="0" chnl="15" />
    <char id="75" x="353" y="0" width="22" height="24" xoffset="-2" yoffset="0" xadvance="22" page="0" chnl="15" />
    <char id="76" x="284" y="0" width="22" height="24" xoffset="-2" yoffset="0" xadvance="22" page="0" chnl="15" />
    <char id="77" x="24" y="0" width="30" height="24" xoffset="-2" yoffset="0" xadvance="30" page="0" chnl="15" />
    <char id="78" x="213" y="0" width="24" height="24" xoffset="-2" yoffset="0" xadvance="24" page="0" chnl="15" />
    <char id="79" x="468" y="0" width="20" height="24" xoffset="0" yoffset="0" xadvance="22" page="0" chnl="15" />
    <char id="80" x="238" y="0" width="22" height="24" xoffset="-2" yoffset="0" xadvance="22" page="0" chnl="15" />
    <char id="81" x="168" y="25" width="20" height="24" xoffset="0" yoffset="0" xadvance="22" page="0" chnl="15" />
    <char id="82" x="376" y="0" width="22" height="24" xoffset="-2" yoffset="0" xadvance="22" page="0" chnl="15" />
    <char id="83" x="147" y="25" width="20" height="24" xoffset="0" yoffset="0" xadvance="22" page="0" chnl="15" />
    <char id="84" x="61" y="50" width="16" height="24" xoffset="0" yoffset="0" xadvance="18" page="0" chnl="15" />
    <char id="85" x="105" y="25" width="20" height="24" xoffset="0" yoffset="0" xadvance="22" page="0" chnl="15" />
    <char id="86" x="489" y="0" width="20" height="24" xoffset="0" yoffset="0" xadvance="22" page="0" chnl="15" />
    <char id="87" x="55" y="0" width="30" height="24" xoffset="-2" yoffset="0" xadvance="30" page="0" chnl="15" />
    <char id="88" x="188" y="0" width="24" height="24" xoffset="-2" yoffset="0" xadvance="24" page="0" chnl="15" />
    <char id="89" x="163" y="0" width="24" height="24" xoffset="-2" yoffset="0" xadvance="24" page="0" chnl="15" />
    <char id="90" x="483" y="25" width="20" height="24" xoffset="0" yoffset="0" xadvance="22" page="0" chnl="15" />
    <char id="91" x="150" y="50" width="10" height="24" xoffset="0" yoffset="0" xadvance="12" page="0" chnl="15" />
    <char id="92" x="378" y="25" width="20" height="24" xoffset="0" yoffset="0" xadvance="22" page="0" chnl="15" />
    <char id="93" x="161" y="50" width="10" height="24" xoffset="0" yoffset="0" xadvance="12" page="0" chnl="15" />
    <char id="94" x="156" y="75" width="16" height="4" xoffset="0" yoffset="2" xadvance="18" page="0" chnl="15" />
    <char id="95" x="210" y="71" width="12" height="2" xoffset="0" yoffset="22" xadvance="14" page="0" chnl="15" />
    <char id="96" x="190" y="71" width="10" height="4" xoffset="0" yoffset="2" xadvance="12" page="0" chnl="15" />
    <char id="97" x="326" y="50" width="22" height="16" xoffset="0" yoffset="8" xadvance="24" page="0" chnl="15" />
    <char id="98" x="336" y="25" width="20" height="24" xoffset="0" yoffset="0" xadvance="22" page="0" chnl="15" />
    <char id="99" x="21" y="79" width="20" height="16" xoffset="0" yoffset="8" xadvance="22" page="0" chnl="15" />
    <char id="100" x="357" y="25" width="20" height="24" xoffset="0" yoffset="0" xadvance="22" page="0" chnl="15" />
    <char id="101" x="395" y="50" width="20" height="16" xoffset="0" yoffset="8" xadvance="22" page="0" chnl="15" />
    <char id="102" x="0" y="0" width="12" height="28" xoffset="-2" yoffset="4" xadvance="12" page="0" chnl="15" />
    <char id="103" x="399" y="25" width="20" height="24" xoffset="0" yoffset="8" xadvance="22" page="0" chnl="15" />
    <char id="104" x="420" y="25" width="20" height="24" xoffset="0" yoffset="0" xadvance="22" page="0" chnl="15" />
    <char id="105" x="194" y="50" width="10" height="20" xoffset="-2" yoffset="4" xadvance="10" page="0" chnl="15" />
    <char id="106" x="13" y="0" width="10" height="28" xoffset="-2" yoffset="4" xadvance="10" page="0" chnl="15" />
    <char id="107" x="462" y="25" width="20" height="24" xoffset="0" yoffset="0" xadvance="22" page="0" chnl="15" />
    <char id="108" x="205" y="50" width="10" height="20" xoffset="-2" yoffset="4" xadvance="10" page="0" chnl="15" />
    <char id="109" x="241" y="50" width="30" height="16" xoffset="-2" yoffset="8" xadvance="30" page="0" chnl="15" />
    <char id="110" x="349" y="50" width="22" height="16" xoffset="-2" yoffset="8" xadvance="22" page="0" chnl="15" />
    <char id="111" x="416" y="50" width="20" height="16" xoffset="0" yoffset="8" xadvance="22" page="0" chnl="15" />
    <char id="112" x="422" y="0" width="22" height="24" xoffset="-2" yoffset="8" xadvance="22" page="0" chnl="15" />
    <char id="113" x="445" y="0" width="22" height="24" xoffset="0" yoffset="8" xadvance="24" page="0" chnl="15" />
    <char id="114" x="303" y="50" width="22" height="16" xoffset="-2" yoffset="8" xadvance="22" page="0" chnl="15" />
    <char id="115" x="437" y="50" width="20" height="16" xoffset="0" yoffset="8" xadvance="22" page="0" chnl="15" />
    <char id="116" x="181" y="50" width="12" height="20" xoffset="-2" yoffset="4" xadvance="12" page="0" chnl="15" />
    <char id="117" x="372" y="50" width="22" height="16" xoffset="0" yoffset="8" xadvance="24" page="0" chnl="15" />
    <char id="118" x="458" y="50" width="20" height="16" xoffset="0" yoffset="8" xadvance="22" page="0" chnl="15" />
    <char id="119" x="272" y="50" width="30" height="16" xoffset="-2" yoffset="8" xadvance="30" page="0" chnl="15" />
    <char id="120" x="479" y="50" width="20" height="16" xoffset="0" yoffset="8" xadvance="22" page="0" chnl="15" />
    <char id="121" x="21" y="54" width="20" height="24" xoffset="0" yoffset="8" xadvance="22" page="0" chnl="15" />
    <char id="122" x="0" y="79" width="20" height="16" xoffset="0" yoffset="8" xadvance="22" page="0" chnl="15" />
    <char id="123" x="104" y="50" width="12" height="24" xoffset="0" yoffset="0" xadvance="14" page="0" chnl="15" />
    <char id="125" x="78" y="50" width="12" height="24" xoffset="0" yoffset="0" xadvance="14" page="0" chnl="15" />
    <char id="126" x="173" y="75" width="16" height="4" xoffset="0" yoffset="2" xadvance="18" page="0" chnl="15" />
  </chars>
</font>
